word,count,timestamp
,5,2021-01-25 12:38:32.814528
python,4,2021-01-25 12:38:32.814528
django,4,2021-01-25 12:38:32.814528
linux,3,2021-01-25 12:38:32.814528
projects,2,2021-01-25 12:38:32.814528
learning,2,2021-01-25 12:38:32.814528
logics,2,2021-01-25 12:38:32.814528
framework,2,2021-01-25 12:38:32.814528
raspberry,2,2021-01-25 12:38:32.814528
pi,2,2021-01-25 12:38:32.814528
distros,2,2021-01-25 12:38:32.814528
home,1,2021-01-25 12:38:32.814528
previous,1,2021-01-25 12:38:32.814528
next,1,2021-01-25 12:38:32.814528
github,1,2021-01-25 12:38:32.814528
wanted,1,2021-01-25 12:38:32.814528
programming,1,2021-01-25 12:38:32.814528
language,1,2021-01-25 12:38:32.814528
neural,1,2021-01-25 12:38:32.814528
networks,1,2021-01-25 12:38:32.814528
learn,1,2021-01-25 12:38:32.814528
briljant,1,2021-01-25 12:38:32.814528
building,1,2021-01-25 12:38:32.814528
web,1,2021-01-25 12:38:32.814528
apps,1,2021-01-25 12:38:32.814528
buy,1,2021-01-25 12:38:32.814528
one,1,2021-01-25 12:38:32.814528
rpi,1,2021-01-25 12:38:32.814528
featuring,1,2021-01-25 12:38:32.814528
quadcore,1,2021-01-25 12:38:32.814528
